Legal First Name,M.I.,Legal Last Name,Suffix,SSN,Address 1,"Apt #, Suite",City or Town,Two Letter State,zip (5 digit),Date of Birth,Notes,Hire Date 1,Termination Date 1,Medical Plan Class Name 1 ,FT/PT Status 1,Don't Apply Waiting Period (Yes or No) 1,Hire Date 2,Termination Date 2,Medical Plan Class Name 2,FT/PT Status 2,Don't Apply Waiting Period (Yes or No) 2,Hire Date 3,Termination Date 3,Medical Plan Class Name 3,FT/PT Status 3,Don't Apply Waiting Period (Yes or No) 3,Hire Date 4,Termination Date 4,Medical Plan Class Name 4,FT/PT Status 4,Don't Apply Waiting Period (Yes or No) 4,Hire Date 5,Termination Date 5,Medical Plan Class Name 5,FT/PT Status 5,Don't Apply Waiting Period (Yes or No) 5,Hire Date 6,Termination Date 6,Medical Plan Class Name 6,FT/PT Status 6,Don't Apply Waiting Period (Yes or No) 6,Hire Date 7,Termination Date 7,Medical Plan Class Name 7,FT/PT Status 7,Don't Apply Waiting Period (Yes or No) 7,Hire Date 8,Termination Date 8,Medical Plan Class Name 8,FT/PT Status 8,Don't Apply Waiting Period (Yes or No) 8,Hire Date 9,Termination Date 9,Medical Plan Class Name 9,FT/PT Status 9,Don't Apply Waiting Period (Yes or No) 9,Hire Date 10,Termination Date 10,Medical Plan Class Name 10,FT/PT Status 10,Don't Apply Waiting Period (Yes or No) 10,Hire Date 11,Termination Date 11,Medical Plan Class Name 11,FT/PT Status 11,Don't Apply Waiting Period (Yes or No) 11,Hire Date 12,Termination Date 12,Medical Plan Class Name 12,FT/PT Status 12,Don't Apply Waiting Period (Yes or No) 12
darshi,,fdghdfhg,,677865764,address1,,df,,45643,,dthgth,,,,,,,,,,,,,,,,,,,,,,,,,,,,,,,,,,,,,,,,,,,,,,,,,,,,,,,,,,,,
prmod,,dfghd,,767657676,address2,,df,,43535,,tghfgh,,,,,,,,,,,,,,,,,,,,,,,,,,,,,,,,,,,,,,,,,,,,,,,,,,,,,,,,,,,,
dfgfdgf,,ghgfh,,,address3,,df,,45454,,ghgfh,,,,,,,,,,,,,,,,,,,,,,,,,,,,,,,,,,,,,,,,,,,,,,,,,,,,,,,,,,,,
,,,,,address4,,ff,,34534,,fgh,,,,,,,,,,,,,,,,,,,,,,,,,,,,,,,,,,,,,,,,,,,,,,,,,,,,,,,,,,,,
suresh,,gh,,747674353,address5,,gh,,43543,,fgh,,,,,,,,,,,,,,,,,,,,,,,,,,,,,,,,,,,,,,,,,,,,,,,,,,,,,,,,,,,,
vinod,,ghgh,,565656565,address6,,gf,,45455,,fgh,,,,,,,,,,,,,,,,,,,,,,,,,,,,,,,,,,,,,,,,,,,,,,,,,,,,,,,,,,,,
harish,,ghhh,,365465765,address7,,gh,,43545,,fgh,,,,,,,,,,,,,,,,,,,,,,,,,,,,,,,,,,,,,,,,,,,,,,,,,,,,,,,,,,,,
akshay,,ghgfh,,656565655,address3,,df,,45454,,ghgfh,,,,,,,,,,,,,,,,,,,,,,,,,,,,,,,,,,,,,,,,,,,,,,,,,,,,,,,,,,,,
vamsi,,ghg,,676767675,address4,,ff,,34534,,fgh,,,,,,,,,,,,,,,,,,,,,,,,,,,,,,,,,,,,,,,,,,,,,,,,,,,,,,,,,,,,
